{
        "CGAL": {
                "run:1000": [
                        0.00746122
                ],
                "run:10000": [
                        0.079049038
                ],
                "run:100000": [
                        0.83858133
                ],
                "run:1000000": [
                        8.694220142
                ],
                "run:10000000": [
                        87.548260646
                ],
                "run:3162": [
                        0.024723815
                ],
                "run:3162278": [
                        27.55836228
                ],
                "run:316228": [
                        2.72224981
                ],
                "run:31623": [
                        0.263707761
                ]
        },
        "metadata": {
                "N": [
                        1000,
                        3162,
                        10000,
                        31623,
                        100000,
                        316228,
                        1000000,
                        3162278,
                        10000000
                ],
                "gr": 32,
                "iterations": 1,
                "k": 64
        }
}