{
        "metadata": {
                "N": [
                        1000,
                        3162,
                        10000,
                        31623,
                        100000,
                        316228,
                        1000000,
                        3162278,
                        10000000
                ],
                "gr": 32,
                "iterations": 1,
                "k": 64
        },
        "votess (GPU)": {
                "run:1000": [
                        0.147288057
                ],
                "run:10000": [
                        0.142531656
                ],
                "run:100000": [
                        0.241883609
                ],
                "run:1000000": [
                        1.724990084
                ],
                "run:10000000": [
                        32.976947733
                ],
                "run:3162": [
                        0.136679208
                ],
                "run:3162278": [
                        6.35918067
                ],
                "run:316228": [
                        0.587033427
                ],
                "run:31623": [
                        0.147951197
                ]
        }
}