{
        "CGAL": {
                "run:1024": [
                        0.047163113,
                        0.017382746,
                        0.028399768,
                        0.019578031,
                        0.013383323,
                        0.030346408,
                        0.021420142,
                        0.029006668,
                        0.021523024,
                        0.017966681
                ],
                "run:1048576": [
                        0.359764256,
                        0.376372762,
                        0.423009714,
                        0.351278251,
                        0.388533931,
                        0.413596629,
                        0.408822503,
                        0.452992579,
                        0.445694827,
                        0.383765619
                ],
                "run:131072": [
                        0.093727147,
                        0.108226639,
                        0.118515835,
                        0.087622162,
                        0.115494214,
                        0.158286139,
                        0.101618621,
                        0.115035155,
                        0.124694313,
                        0.161707835
                ],
                "run:16384": [
                        0.047899857,
                        0.051669015,
                        0.062906392,
                        0.053025751,
                        0.058752047,
                        0.04959978,
                        0.050616098,
                        0.04978188,
                        0.0558092,
                        0.034804214
                ],
                "run:2048": [
                        0.036242339,
                        0.017279116,
                        0.032340351,
                        0.03089495,
                        0.017535607,
                        0.035619492,
                        0.019983283,
                        0.01606818,
                        0.020230461,
                        0.036958598
                ],
                "run:2097152": [
                        0.730760385,
                        0.713158746,
                        0.651995987,
                        0.817226001,
                        0.69418463,
                        0.680303734,
                        0.670372419,
                        0.719281534,
                        0.676472019,
                        0.633485908
                ],
                "run:262144": [
                        0.146286819,
                        0.151980768,
                        0.15248521,
                        0.139527027,
                        0.136073011,
                        0.178736234,
                        0.167754444,
                        0.229397049,
                        0.172811359,
                        0.159528116
                ],
                "run:32768": [
                        0.057293759,
                        0.049561246,
                        0.058914884,
                        0.073045847,
                        0.077339366,
                        0.061933706,
                        0.06050963,
                        0.046699383,
                        0.074342957,
                        0.07241779
                ],
                "run:4096": [
                        0.019004724,
                        0.057376558,
                        0.038022153,
                        0.042161873,
                        0.036486773,
                        0.040761509,
                        0.031383917,
                        0.0449994,
                        0.036685677,
                        0.044569716
                ],
                "run:4194304": [
                        1.282899179,
                        1.327479441,
                        1.295196088,
                        1.341268111,
                        1.397562177,
                        1.334844191,
                        1.306730803,
                        1.313255755,
                        1.320397593,
                        1.363596214
                ],
                "run:524288": [
                        0.21207785,
                        0.232913885,
                        0.232365371,
                        0.220185324,
                        0.223416656,
                        0.209461984,
                        0.203600729,
                        0.21996375,
                        0.245843419,
                        0.213373675
                ],
                "run:65536": [
                        0.101159229,
                        0.099342062,
                        0.07641623,
                        0.090627742,
                        0.110974367,
                        0.08208387,
                        0.089793151,
                        0.110171556,
                        0.077750478,
                        0.076386208
                ],
                "run:8192": [
                        0.05386889,
                        0.104413671,
                        0.05537808,
                        0.069286114,
                        0.066779787,
                        0.043837052,
                        0.068806946,
                        0.03956953,
                        0.071275047,
                        0.140488669
                ],
                "run:8388608": [
                        2.568743738,
                        2.438003445,
                        2.596437225,
                        2.470737989,
                        2.523494957,
                        2.491551972,
                        2.552234732,
                        2.565073809,
                        2.58939164,
                        2.641504549
                ]
        },
        "metadata": {
                "N": [
                        1024,
                        2048,
                        4096,
                        8192,
                        16384,
                        32768,
                        65536,
                        131072,
                        262144,
                        524288,
                        1048576,
                        2097152,
                        4194304,
                        8388608
                ],
                "gr": 64,
                "iterations": 10,
                "k": 90
        }
}