{
        "metadata": {
                "N": [
                        1000,
                        3162,
                        10000,
                        31623,
                        100000,
                        316228,
                        1000000,
                        3162278,
                        10000000
                ],
                "gr": 32,
                "iterations": 1,
                "k": 64
        },
        "votess (CPU)": {
                "run:1000": [
                        0.011810515
                ],
                "run:10000": [
                        0.029428601
                ],
                "run:100000": [
                        0.152362229
                ],
                "run:1000000": [
                        1.53698747
                ],
                "run:10000000": [
                        17.168787845
                ],
                "run:3162": [
                        0.01508174
                ],
                "run:3162278": [
                        4.863700586
                ],
                "run:316228": [
                        0.474378425
                ],
                "run:31623": [
                        0.064407683
                ]
        }
}