{
        "metadata": {
                "N": [
                        1024,
                        2048,
                        4096,
                        8192,
                        16384,
                        32768,
                        65536,
                        131072,
                        262144,
                        524288,
                        1048576,
                        2097152,
                        4194304,
                        8388608
                ],
                "gr": 64,
                "iterations": 10,
                "k": 90
        },
        "votess (GPU)": {
                "run:1024": [
                        0.630428066,
                        0.617005368,
                        0.596135972,
                        0.601171582,
                        0.597704133,
                        0.597440224,
                        0.593085513,
                        0.596662665,
                        0.615194443,
                        0.589525624
                ],
                "run:1048576": [
                        1.931964803,
                        1.908565682,
                        1.935996238,
                        1.923651854,
                        1.909222348,
                        1.91488234,
                        1.950546007,
                        1.919830961,
                        1.899105738,
                        1.928741989
                ],
                "run:131072": [
                        0.701607986,
                        0.818395391,
                        0.711223492,
                        0.681125846,
                        0.675915714,
                        0.719109382,
                        0.712769425,
                        0.722629083,
                        0.699371245,
                        0.697108437
                ],
                "run:16384": [
                        0.482720274,
                        0.59862248,
                        0.546991072,
                        0.557502448,
                        0.639488345,
                        0.601374717,
                        0.580520718,
                        0.619943684,
                        0.54519941,
                        0.527844568
                ],
                "run:2048": [
                        0.663204316,
                        0.579290457,
                        0.581264274,
                        0.571736273,
                        0.59463335,
                        0.575011025,
                        0.596055703,
                        0.580395614,
                        0.583406111,
                        0.590161888
                ],
                "run:2097152": [
                        3.405090755,
                        3.266410686,
                        3.33289284,
                        3.417974731,
                        3.311996514,
                        3.539336512,
                        3.474484096,
                        3.421056966,
                        3.400297233,
                        3.400077219
                ],
                "run:262144": [
                        0.877172483,
                        0.887420997,
                        0.868009142,
                        0.903079095,
                        0.894405701,
                        0.981814482,
                        1.017576321,
                        0.842985923,
                        0.855666355,
                        0.865825529
                ],
                "run:32768": [
                        0.577843515,
                        0.511337309,
                        0.531007637,
                        0.538570446,
                        0.533861394,
                        0.547545555,
                        0.546310461,
                        0.560708977,
                        0.531749097,
                        0.554736294
                ],
                "run:4096": [
                        0.589736051,
                        0.58251472,
                        0.569974994,
                        0.590798364,
                        0.581065758,
                        0.577438287,
                        0.573355839,
                        0.528111584,
                        0.503603533,
                        0.513256392
                ],
                "run:4194304": [
                        6.347158171,
                        6.665434331,
                        6.6078243,
                        6.807136309,
                        6.602518549,
                        6.556162829,
                        6.553449578,
                        6.583859124,
                        6.638341972,
                        6.645652045
                ],
                "run:524288": [
                        1.153007035,
                        1.168386408,
                        1.165646018,
                        1.183367549,
                        1.219572984,
                        1.160881666,
                        1.150047627,
                        1.227973045,
                        1.224346461,
                        1.227483333
                ],
                "run:65536": [
                        0.579621253,
                        0.589633038,
                        0.577462954,
                        0.596333138,
                        0.60565219,
                        0.59716043,
                        0.624938087,
                        0.570415536,
                        0.706164278,
                        0.806191231
                ],
                "run:8192": [
                        0.531846964,
                        0.58867692,
                        0.585046069,
                        0.559972926,
                        0.463441396,
                        0.46294674,
                        0.45090331299999997,
                        0.454522178,
                        0.485693218,
                        0.468250627
                ],
                "run:8388608": [
                        13.057613785,
                        13.141404812,
                        12.9855874,
                        12.95418948,
                        12.956654206,
                        13.037117906,
                        12.996060778,
                        12.961137107,
                        12.938047161,
                        13.248129647
                ]
        }
}