{
        "metadata": {
                "N": [
                        1000,
                        3162,
                        10000,
                        31623,
                        100000,
                        316228,
                        1000000,
                        3162278,
                        10000000
                ],
                "gr": 32,
                "iterations": 1,
                "k": 64
        },
        "voro++": {
                "run:1000": [
                        0.143728646
                ],
                "run:10000": [
                        0.58328944
                ],
                "run:100000": [
                        2.497898553
                ],
                "run:1000000": [
                        49.769970106
                ],
                "run:10000000": [
                        1729.26400943
                ],
                "run:3162": [
                        0.238024325
                ],
                "run:3162278": [
                        277.061628723
                ],
                "run:316228": [
                        10.112467778
                ],
                "run:31623": [
                        1.043344719
                ]
        }
}