{
        "metadata": {
                "N": [
                        1000,
                        3162,
                        10000,
                        31623,
                        100000,
                        316228,
                        1000000,
                        3162278,
                        10000000
                ],
                "gr": 32,
                "iterations": 1,
                "k": 64
        },
        "votess (CPU)": {
                "run:1000": [
                        0.018182705
                ],
                "run:10000": [
                        0.02940369
                ],
                "run:100000": [
                        0.162086683
                ],
                "run:1000000": [
                        1.546497853
                ],
                "run:10000000": [
                        17.276810636
                ],
                "run:3162": [
                        0.015796624
                ],
                "run:3162278": [
                        4.922233578
                ],
                "run:316228": [
                        0.48030054
                ],
                "run:31623": [
                        0.060490932
                ]
        }
}