{
        "metadata": {
                "N": [
                        1024,
                        2048,
                        4096,
                        8192,
                        16384,
                        32768,
                        65536,
                        131072,
                        262144,
                        524288,
                        1048576,
                        2097152,
                        4194304,
                        8388608
                ],
                "gr": 64,
                "iterations": 10,
                "k": 90
        },
        "votess (GPU)": {
                "run:1024": [
                        0.592591819,
                        0.589250102,
                        0.597671666,
                        0.593861084,
                        0.603701429,
                        0.609016152,
                        0.602996542,
                        0.587944538,
                        0.619024817,
                        0.641640786
                ],
                "run:1048576": [
                        1.913722051,
                        1.901486751,
                        1.92980435,
                        1.917017662,
                        1.940192818,
                        1.940465257,
                        1.913957881,
                        1.941746981,
                        1.922200741,
                        1.920954714
                ],
                "run:131072": [
                        0.704100498,
                        0.717865834,
                        0.687879174,
                        0.67180037,
                        0.692351103,
                        0.687558065,
                        0.700246704,
                        0.716755145,
                        0.847043245,
                        0.709423819
                ],
                "run:16384": [
                        0.613035948,
                        0.623845392,
                        0.610932986,
                        0.61520919,
                        0.611169131,
                        0.614298239,
                        0.634432782,
                        0.6200238,
                        0.584650469,
                        0.571643132
                ],
                "run:2048": [
                        0.583250643,
                        0.58356148,
                        0.579900685,
                        0.578343866,
                        0.575929589,
                        0.577089158,
                        0.58591124,
                        0.583694521,
                        0.5946118,
                        0.617385669
                ],
                "run:2097152": [
                        3.372333842,
                        3.479500497,
                        3.466622259,
                        3.43407955,
                        3.355498785,
                        3.388164792,
                        3.358040074,
                        3.342342381,
                        3.396291791,
                        3.439443823
                ],
                "run:262144": [
                        0.832086078,
                        0.856967872,
                        0.886307228,
                        0.884449559,
                        0.873869879,
                        0.939603431,
                        0.857624733,
                        0.86754518,
                        0.8806783,
                        0.912654403
                ],
                "run:32768": [
                        0.569866807,
                        0.596003048,
                        0.637322466,
                        0.629250818,
                        0.617024017,
                        0.616075443,
                        0.634666418,
                        0.623400961,
                        0.51892191,
                        0.622323637
                ],
                "run:4096": [
                        0.605749354,
                        0.562762999,
                        0.589974894,
                        0.592409847,
                        0.608835643,
                        0.596960479,
                        0.594014395,
                        0.591684417,
                        0.574143465,
                        0.654572249
                ],
                "run:4194304": [
                        6.57701053,
                        6.737431927,
                        6.63278074,
                        6.621659325,
                        6.569238874,
                        6.604758916,
                        6.603300252,
                        6.599006914,
                        6.326363139,
                        6.600498958
                ],
                "run:524288": [
                        1.190658562,
                        1.183857761,
                        1.171746932,
                        1.175900794,
                        1.157041067,
                        1.161530037,
                        1.167709065,
                        1.170273473,
                        1.166508535,
                        1.169084189
                ],
                "run:65536": [
                        0.702757459,
                        0.667494496,
                        0.578228851,
                        0.656773923,
                        0.566242444,
                        0.568803292,
                        0.565961675,
                        0.572430436,
                        0.581242011,
                        0.606984148
                ],
                "run:8192": [
                        0.638371618,
                        0.606413505,
                        0.536100098,
                        0.518522647,
                        0.602653863,
                        0.603884647,
                        0.611117082,
                        0.584104351,
                        0.616695165,
                        0.596010476
                ],
                "run:8388608": [
                        13.275433981,
                        12.918433104,
                        12.924844068,
                        12.922614911,
                        12.651049529,
                        13.23112561,
                        13.246216686,
                        12.939943783,
                        13.196564817,
                        12.882360021
                ]
        }
}