{
        "metadata": {
                "N": [
                        1000,
                        3162,
                        10000,
                        31623,
                        100000,
                        316228,
                        1000000,
                        3162278,
                        10000000
                ],
                "gr": 32,
                "iterations": 1,
                "k": 64
        },
        "votess (GPU)": {
                "run:1000": [
                        0.583671825
                ],
                "run:10000": [
                        0.585356173
                ],
                "run:100000": [
                        0.688126762
                ],
                "run:1000000": [
                        2.049307174
                ],
                "run:10000000": [
                        34.173467843
                ],
                "run:3162": [
                        0.621136
                ],
                "run:3162278": [
                        6.933214689
                ],
                "run:316228": [
                        1.071953718
                ],
                "run:31623": [
                        0.614137961
                ]
        }
}