{
        "metadata": {
                "N": [
                        1024,
                        2048,
                        4096,
                        8192,
                        16384,
                        32768,
                        65536,
                        131072,
                        262144,
                        524288,
                        1048576,
                        2097152,
                        4194304,
                        8388608
                ],
                "gr": 64,
                "iterations": 10,
                "k": 90
        },
        "votess (CPU)": {
                "run:1024": [
                        0.031141849,
                        0.03111231,
                        0.033652015,
                        0.030606929,
                        0.030484092,
                        0.031630818,
                        0.030666894,
                        0.030150989,
                        0.030220667,
                        0.029159275
                ],
                "run:1048576": [
                        1.829519663,
                        1.809057657,
                        1.783008748,
                        1.780152602,
                        1.775619372,
                        1.78608201,
                        1.805271256,
                        1.779897523,
                        1.785553103,
                        1.833641177
                ],
                "run:131072": [
                        0.27691791,
                        0.272386687,
                        0.270286581,
                        0.269264499,
                        0.271124514,
                        0.272189236,
                        0.272966935,
                        0.272978416,
                        0.267118481,
                        0.270804805
                ],
                "run:16384": [
                        0.057710491,
                        0.058130857,
                        0.052012131,
                        0.048999502,
                        0.057543593,
                        0.054726029,
                        0.04831904,
                        0.054610744,
                        0.048390518,
                        0.051099511
                ],
                "run:2048": [
                        0.029016847,
                        0.030602848,
                        0.028025215,
                        0.029016047,
                        0.027198369,
                        0.029385565,
                        0.028719635,
                        0.027044293,
                        0.02846857,
                        0.029123586
                ],
                "run:2097152": [
                        3.679563752,
                        3.541458363,
                        3.547052827,
                        3.544900102,
                        3.522594295,
                        3.512165168,
                        3.483259381,
                        3.481289321,
                        3.468621112,
                        3.499210319
                ],
                "run:262144": [
                        0.527961917,
                        0.464278195,
                        0.453854497,
                        0.454138809,
                        0.451952262,
                        0.452427038,
                        0.453933612,
                        0.472493462,
                        0.57423742,
                        0.530572538
                ],
                "run:32768": [
                        0.088855339,
                        0.078754619,
                        0.085383519,
                        0.079245398,
                        0.083521402,
                        0.087158321,
                        0.080182767,
                        0.078506807,
                        0.093544443,
                        0.086047838
                ],
                "run:4096": [
                        0.034736431,
                        0.031998573,
                        0.029767488,
                        0.032183298,
                        0.033264404,
                        0.030405292,
                        0.029687822,
                        0.030825874,
                        0.030490623,
                        0.033302889
                ],
                "run:4194304": [
                        7.264534122,
                        7.261904363,
                        7.119467126,
                        7.181164621,
                        7.188093779,
                        7.24910855,
                        7.230799793,
                        7.6849936,
                        7.274088522,
                        7.198022502
                ],
                "run:524288": [
                        0.995752142,
                        0.998129576,
                        1.034364443,
                        0.982205957,
                        0.972072397,
                        0.986623013,
                        0.996329696,
                        0.982016911,
                        0.998497496,
                        0.993479373
                ],
                "run:65536": [
                        0.147904128,
                        0.152368237,
                        0.153357863,
                        0.156703359,
                        0.156612073,
                        0.153987776,
                        0.154074087,
                        0.157837001,
                        0.155305559,
                        0.154183772
                ],
                "run:8192": [
                        0.037139303,
                        0.040378783,
                        0.035518597,
                        0.033974043,
                        0.03893196,
                        0.034300566,
                        0.034084707,
                        0.036651443,
                        0.041464709,
                        0.042247129
                ],
                "run:8388608": [
                        15.004969211,
                        14.588549482,
                        14.645389047,
                        14.580799872,
                        14.729169593,
                        15.101337355,
                        15.142021354,
                        14.636601818,
                        14.654457992,
                        14.647754971
                ]
        }
}