{
        "metadata": {
                "N": [
                        1024,
                        2048,
                        4096,
                        8192,
                        16384,
                        32768,
                        65536,
                        131072,
                        262144,
                        524288,
                        1048576,
                        2097152,
                        4194304,
                        8388608
                ],
                "gr": 64,
                "iterations": 10,
                "k": 90
        },
        "voro++": {
                "run:1024": [
                        0.140382252,
                        0.120690454,
                        0.131741017,
                        0.118715367,
                        0.108886052,
                        0.120068756,
                        0.11893669,
                        0.099496096,
                        0.098048543,
                        0.097295814
                ],
                "run:1048576": [
                        55.460082026,
                        54.112644672,
                        53.336516034,
                        53.101783114,
                        54.590321674,
                        54.631526381,
                        54.001130689,
                        53.192947888,
                        53.844644103,
                        53.899518694
                ],
                "run:131072": [
                        3.401503361,
                        3.358134417,
                        3.320797859,
                        3.324426095,
                        3.350159209,
                        3.320390066,
                        3.327920309,
                        3.327421977,
                        3.320945619,
                        3.333703659
                ],
                "run:16384": [
                        0.819036148,
                        0.788535672,
                        0.772963702,
                        0.776416473,
                        0.769226512,
                        0.773879865,
                        0.769906995,
                        0.713588973,
                        0.712351937,
                        0.714418697
                ],
                "run:2048": [
                        0.168772758,
                        0.199795391,
                        0.188217476,
                        0.170733996,
                        0.180866511,
                        0.172172221,
                        0.17805219,
                        0.155862644,
                        0.151102331,
                        0.150727465
                ],
                "run:2097152": [
                        147.153581518,
                        148.061336116,
                        148.717934608,
                        147.351583702,
                        149.815028532,
                        146.65300949,
                        147.044343021,
                        147.610965834,
                        147.026974822,
                        147.56699554
                ],
                "run:262144": [
                        7.957549287,
                        7.895449573,
                        7.861984046,
                        7.879904001,
                        7.869762582,
                        7.884878494,
                        7.852140923,
                        7.869881884,
                        7.863733402,
                        8.050134218
                ],
                "run:32768": [
                        1.076786428,
                        1.045659757,
                        1.016370529,
                        0.998021948,
                        1.033093202,
                        1.038286346,
                        1.041672281,
                        1.028185347,
                        1.035299263,
                        1.044577697
                ],
                "run:4096": [
                        0.273307806,
                        0.262530021,
                        0.246905621,
                        0.246875341,
                        0.269821655,
                        0.248309935,
                        0.244175627,
                        0.254348886,
                        0.245510198,
                        0.246935879
                ],
                "run:4194304": [
                        427.452916529,
                        426.408354639,
                        426.13105354100003,
                        426.341931443,
                        426.162526108,
                        426.013420479,
                        426.446252071,
                        425.643074708,
                        426.367505178,
                        437.463353466
                ],
                "run:524288": [
                        20.30602197,
                        20.153925839,
                        20.504129463,
                        20.500371619,
                        20.342789645,
                        20.72422627,
                        20.115347384,
                        20.090910397,
                        20.657155861,
                        20.148412101
                ],
                "run:65536": [
                        1.590972808,
                        1.541025706,
                        1.506244425,
                        1.502685494,
                        1.523873278,
                        1.504946602,
                        1.505331805,
                        1.503578603,
                        1.510374146,
                        1.507317137
                ],
                "run:8192": [
                        0.457646292,
                        0.431057204,
                        0.454933118,
                        0.454174097,
                        0.45454917,
                        0.456790156,
                        0.452160371,
                        0.455837184,
                        0.455024716,
                        0.455254201
                ],
                "run:8388608": [
                        1326.769402267,
                        1326.923596611,
                        1327.375120386,
                        1288.077818676,
                        1326.715325792,
                        1326.852109687,
                        1327.594250208,
                        1327.033650566,
                        1327.652277523,
                        1327.935289337
                ]
        }
}