{
        "CGAL": {
                "run:1000": [
                        0.124600777
                ],
                "run:10000": [
                        0.121699015
                ],
                "run:100000": [
                        0.092194208
                ],
                "run:1000000": [
                        0.395034117
                ],
                "run:10000000": [
                        3.063776623
                ],
                "run:3162": [
                        0.089976388
                ],
                "run:3162278": [
                        1.180332572
                ],
                "run:316228": [
                        0.174086971
                ],
                "run:31623": [
                        0.117373203
                ]
        },
        "metadata": {
                "N": [
                        1000,
                        3162,
                        10000,
                        31623,
                        100000,
                        316228,
                        1000000,
                        3162278,
                        10000000
                ],
                "gr": 32,
                "iterations": 1,
                "k": 64
        }
}