{
        "metadata": {
                "N": [
                        1024,
                        2048,
                        4096,
                        8192,
                        16384,
                        32768,
                        65536,
                        131072,
                        262144,
                        524288,
                        1048576,
                        2097152,
                        4194304,
                        8388608
                ],
                "gr": 64,
                "iterations": 10,
                "k": 90
        },
        "votess (CPU)": {
                "run:1024": [
                        0.027424076,
                        0.026740638,
                        0.029589372,
                        0.028254198,
                        0.02783318,
                        0.032027775,
                        0.029257598,
                        0.028386678,
                        0.030332809,
                        0.032660335
                ],
                "run:1048576": [
                        1.818298097,
                        1.754952581,
                        1.766242979,
                        1.775229215,
                        1.753339069,
                        1.775601038,
                        1.777657514,
                        1.782691495,
                        1.759300408,
                        1.794708867
                ],
                "run:131072": [
                        0.277075618,
                        0.273414865,
                        0.269405753,
                        0.263068625,
                        0.263891536,
                        0.266671464,
                        0.264850999,
                        0.234299277,
                        0.235112549,
                        0.23741
                ],
                "run:16384": [
                        0.045775047,
                        0.045260895,
                        0.051969231,
                        0.04922407,
                        0.04977476,
                        0.048472316,
                        0.053778617,
                        0.057055689,
                        0.049236091,
                        0.048251384
                ],
                "run:2048": [
                        0.026669895,
                        0.026861252,
                        0.027147143,
                        0.028396396,
                        0.026826222,
                        0.026822444,
                        0.027276829,
                        0.026858413,
                        0.0279221,
                        0.029624316
                ],
                "run:2097152": [
                        3.597082807,
                        3.5323102,
                        3.513965714,
                        3.50701757,
                        3.493722978,
                        3.519676335,
                        3.536486094,
                        3.522703954,
                        3.525619529,
                        3.478860549
                ],
                "run:262144": [
                        0.447148881,
                        0.4527708,
                        0.451666524,
                        0.451949899,
                        0.451030275,
                        0.451395201,
                        0.448652389,
                        0.450529944,
                        0.449970404,
                        0.447415451
                ],
                "run:32768": [
                        0.083638157,
                        0.079396055,
                        0.084896807,
                        0.091912294,
                        0.08861055,
                        0.079030877,
                        0.079964672,
                        0.082710256,
                        0.087802496,
                        0.078669586
                ],
                "run:4096": [
                        0.032752089,
                        0.029987406,
                        0.029334713,
                        0.033459941,
                        0.029508395,
                        0.029254934,
                        0.029780794,
                        0.030129048,
                        0.032324216,
                        0.033621194
                ],
                "run:4194304": [
                        7.258836599,
                        7.117223337,
                        7.122237075,
                        7.154561388,
                        7.153920459,
                        7.223962781,
                        7.276955856,
                        7.778869578,
                        7.206668424,
                        7.308579182
                ],
                "run:524288": [
                        0.893910153,
                        0.985441221,
                        0.989829973,
                        1.028435511,
                        0.986309203,
                        1.000112011,
                        1.017747433,
                        1.008733933,
                        1.022305092,
                        0.97544951
                ],
                "run:65536": [
                        0.165246316,
                        0.147559862,
                        0.150909199,
                        0.14938742,
                        0.146726425,
                        0.145821049,
                        0.146912252,
                        0.145061528,
                        0.144349244,
                        0.152561328
                ],
                "run:8192": [
                        0.036007994,
                        0.034292505,
                        0.037579037,
                        0.037207622,
                        0.033056665,
                        0.035539193,
                        0.035880685,
                        0.033239246,
                        0.032947211,
                        0.031910318
                ],
                "run:8388608": [
                        14.994811868,
                        14.665828128,
                        14.714304025,
                        14.595666481,
                        14.735459781,
                        14.845059003,
                        14.951778047,
                        14.659038887,
                        14.737555857,
                        14.637298173
                ]
        }
}